{"cameraMode":{"drawMode":2,"name":"Shaded Wireframe","section":"Shading Mode"},"sceneLighting":true,"audioPlay":false,"sceneViewState":{"showFog":true,"showMaterialUpdate":false,"showSkybox":true,"showFlares":true,"showImageEffects":true,"showParticleSystems":true},"in2DMode":false,"pivot":{"x":95.24832153320313,"y":-98.43733215332031,"z":142.57249450683595},"rotation":{"x":-0.2519456446170807,"y":-0.2624565064907074,"z":0.0711972564458847,"w":-0.9287469983100891},"size":271.95556640625,"orthographic":false}