{"cameraMode":{"drawMode":2,"name":"Shaded Wireframe","section":"Shading Mode"},"sceneLighting":false,"audioPlay":false,"sceneViewState":{"showFog":true,"showMaterialUpdate":false,"showSkybox":true,"showFlares":true,"showImageEffects":true,"showParticleSystems":true},"in2DMode":false,"pivot":{"x":-1.7060346603393555,"y":10.7369966506958,"z":-4.74652099609375},"rotation":{"x":0.1547502875328064,"y":-0.8381337523460388,"z":0.305479496717453,"w":0.4245780110359192},"size":43.23740768432617,"orthographic":false}