{"cameraMode":{"drawMode":2,"name":"Shaded Wireframe","section":"Shading Mode"},"sceneLighting":false,"audioPlay":false,"sceneViewState":{"showFog":true,"showMaterialUpdate":false,"showSkybox":true,"showFlares":true,"showImageEffects":true,"showParticleSystems":true},"in2DMode":false,"pivot":{"x":2.860250234603882,"y":-2.9629650115966799,"z":5.344005584716797},"rotation":{"x":0.19445237517356873,"y":0.6948861479759216,"z":-0.20426179468631745,"w":0.6615124344825745},"size":5.611074924468994,"orthographic":false}