{"cameraMode":{"drawMode":2,"name":"Shaded Wireframe","section":"Shading Mode"},"sceneLighting":true,"audioPlay":false,"sceneViewState":{"showFog":true,"showMaterialUpdate":false,"showSkybox":true,"showFlares":true,"showImageEffects":true,"showParticleSystems":true},"in2DMode":false,"pivot":{"x":2.734130859375,"y":-230.0911865234375,"z":545.2637939453125},"rotation":{"x":-0.10881701856851578,"y":0.8836653232574463,"z":-0.37727630138397219,"w":-0.2548667788505554},"size":1897.271240234375,"orthographic":false}