{"cameraMode":{"drawMode":2,"name":"Shaded Wireframe","section":"Shading Mode"},"sceneLighting":false,"audioPlay":false,"sceneViewState":{"showFog":true,"showMaterialUpdate":false,"showSkybox":true,"showFlares":true,"showImageEffects":true,"showParticleSystems":true},"in2DMode":false,"pivot":{"x":-3.0444183349609377,"y":10.490598678588868,"z":-1.5052337646484376},"rotation":{"x":-0.22230905294418336,"y":0.28795239329338076,"z":-0.06891235709190369,"w":-0.9289312362670898},"size":68.08621215820313,"orthographic":false}