{"cameraMode":{"drawMode":2,"name":"Shaded Wireframe","section":"Shading Mode"},"sceneLighting":true,"audioPlay":false,"sceneViewState":{"showFog":true,"showMaterialUpdate":false,"showSkybox":true,"showFlares":true,"showImageEffects":true,"showParticleSystems":true},"in2DMode":false,"pivot":{"x":3.938383102416992,"y":-10.967388153076172,"z":-20.492835998535158},"rotation":{"x":-0.012761292047798634,"y":0.9714037775993347,"z":-0.23093360662460328,"w":-0.05368068814277649},"size":94.49934387207031,"orthographic":false}