{"cameraMode":{"drawMode":2,"name":"Shaded Wireframe","section":"Shading Mode"},"sceneLighting":false,"audioPlay":false,"sceneViewState":{"showFog":true,"showMaterialUpdate":false,"showSkybox":true,"showFlares":true,"showImageEffects":true,"showParticleSystems":true},"in2DMode":false,"pivot":{"x":3.023876190185547,"y":6.53477668762207,"z":-3.538785934448242},"rotation":{"x":0.2383395880460739,"y":0.3452235758304596,"z":-0.09110342711210251,"w":0.9031695127487183},"size":30.361591339111329,"orthographic":false}