{"cameraMode":{"drawMode":2,"name":"Shaded Wireframe","section":"Shading Mode"},"sceneLighting":true,"audioPlay":false,"sceneViewState":{"showFog":true,"showMaterialUpdate":false,"showSkybox":true,"showFlares":true,"showImageEffects":true,"showParticleSystems":true},"in2DMode":false,"pivot":{"x":142.3409881591797,"y":-98.00902557373047,"z":559.0363159179688},"rotation":{"x":0.10498378425836563,"y":0.15654928982257844,"z":-0.016738906502723695,"w":0.9819320440292358},"size":686.9675903320313,"orthographic":false}