{"cameraMode":{"drawMode":2,"name":"Shaded Wireframe","section":"Shading Mode"},"sceneLighting":true,"audioPlay":false,"sceneViewState":{"showFog":true,"showMaterialUpdate":false,"showSkybox":true,"showFlares":true,"showImageEffects":true,"showParticleSystems":true},"in2DMode":false,"pivot":{"x":1.951789379119873,"y":5.332515716552734,"z":-1.0580329895019532},"rotation":{"x":0.11820540577173233,"y":-0.017579032108187677,"z":0.0020928026642650367,"w":0.9928313493728638},"size":45.9835319519043,"orthographic":false}