{"cameraMode":{"drawMode":2,"name":"Shaded Wireframe","section":"Shading Mode"},"sceneLighting":true,"audioPlay":false,"sceneViewState":{"showFog":true,"showMaterialUpdate":false,"showSkybox":true,"showFlares":true,"showImageEffects":true,"showParticleSystems":true},"in2DMode":false,"pivot":{"x":264.15966796875,"y":-204.51953125,"z":170.613037109375},"rotation":{"x":-0.11710982769727707,"y":0.8736292719841003,"z":-0.394881933927536,"w":-0.25908586382865908},"size":1895.0023193359375,"orthographic":false}