{"cameraMode":{"drawMode":2,"name":"Shaded Wireframe","section":"Shading Mode"},"sceneLighting":false,"audioPlay":false,"sceneViewState":{"showFog":true,"showMaterialUpdate":false,"showSkybox":true,"showFlares":true,"showImageEffects":true,"showParticleSystems":true},"in2DMode":false,"pivot":{"x":2.399028778076172,"y":-0.16428351402282716,"z":5.776664733886719},"rotation":{"x":0.04723199084401131,"y":0.17587551474571229,"z":-0.00844850018620491,"w":0.983242392539978},"size":35.773765563964847,"orthographic":false}