{"cameraMode":{"drawMode":2,"name":"Shaded Wireframe","section":"Shading Mode"},"sceneLighting":true,"audioPlay":false,"sceneViewState":{"showFog":true,"showMaterialUpdate":false,"showSkybox":true,"showFlares":true,"showImageEffects":true,"showParticleSystems":true},"in2DMode":false,"pivot":{"x":-100.5625,"y":-97.40263366699219,"z":146.93353271484376},"rotation":{"x":-0.22230905294418336,"y":0.28795239329338076,"z":-0.06891235709190369,"w":-0.9289312362670898},"size":263.91693115234377,"orthographic":false}