{"cameraMode":{"drawMode":2,"name":"Shaded Wireframe","section":"Shading Mode"},"sceneLighting":false,"audioPlay":false,"sceneViewState":{"showFog":true,"showMaterialUpdate":false,"showSkybox":true,"showFlares":true,"showImageEffects":true,"showParticleSystems":true},"in2DMode":false,"pivot":{"x":5.774467468261719,"y":-3.1634345054626467,"z":10.74604606628418},"rotation":{"x":0.11971981078386307,"y":0.21706698834896089,"z":-0.026834536343812944,"w":0.9684157371520996},"size":33.88805389404297,"orthographic":false}