{"cameraMode":{"drawMode":2,"name":"Shaded Wireframe","section":"Shading Mode"},"sceneLighting":true,"audioPlay":false,"sceneViewState":{"showFog":true,"showMaterialUpdate":false,"showSkybox":true,"showFlares":true,"showImageEffects":true,"showParticleSystems":true},"in2DMode":false,"pivot":{"x":-13.525894165039063,"y":-0.5369606018066406,"z":19.382457733154298},"rotation":{"x":-0.11311537027359009,"y":0.8161758780479431,"z":-0.1708918809890747,"w":-0.5402387380599976},"size":91.07057189941406,"orthographic":false}