{"cameraMode":{"drawMode":2,"name":"Shaded Wireframe","section":"Shading Mode"},"sceneLighting":true,"audioPlay":false,"sceneViewState":{"showFog":true,"showMaterialUpdate":false,"showSkybox":true,"showFlares":true,"showImageEffects":true,"showParticleSystems":true},"in2DMode":false,"pivot":{"x":-0.2415156215429306,"y":-2.052269458770752,"z":13.141712188720704},"rotation":{"x":-0.017999008297920228,"y":-0.0014997523976489902,"z":-0.000026998544853995554,"w":0.9998369216918945},"size":51.52619552612305,"orthographic":false}