{"cameraMode":{"drawMode":2,"name":"Shaded Wireframe","section":"Shading Mode"},"sceneLighting":true,"audioPlay":false,"sceneViewState":{"showFog":true,"showMaterialUpdate":false,"showSkybox":true,"showFlares":true,"showImageEffects":true,"showParticleSystems":true},"in2DMode":false,"pivot":{"x":13.506656646728516,"y":2.9235191345214845,"z":20.574491500854493},"rotation":{"x":0.1297033131122589,"y":0.7611457705497742,"z":-0.16056247055530549,"w":0.6148608922958374},"size":75.10796356201172,"orthographic":false}