{"cameraMode":{"drawMode":2,"name":"Shaded Wireframe","section":"Shading Mode"},"sceneLighting":false,"audioPlay":false,"sceneViewState":{"showFog":true,"showMaterialUpdate":false,"showSkybox":true,"showFlares":true,"showImageEffects":true,"showParticleSystems":true},"in2DMode":false,"pivot":{"x":0.08426189422607422,"y":9.553999900817871,"z":0.06403923034667969},"rotation":{"x":-0.22230905294418336,"y":0.28795239329338076,"z":-0.06891235709190369,"w":-0.9289312362670898},"size":40.39286804199219,"orthographic":false}