{"cameraMode":{"drawMode":2,"name":"Shaded Wireframe","section":"Shading Mode"},"sceneLighting":true,"audioPlay":false,"sceneViewState":{"showFog":true,"showMaterialUpdate":false,"showSkybox":true,"showFlares":true,"showImageEffects":true,"showParticleSystems":true},"in2DMode":false,"pivot":{"x":-86.84735107421875,"y":-356.4816589355469,"z":491.31463623046877},"rotation":{"x":0.28637635707855227,"y":-0.14671830832958222,"z":0.04442431032657623,"w":0.9457741975784302},"size":5496.31298828125,"orthographic":false}