{"cameraMode":{"drawMode":2,"name":"Shaded Wireframe","section":"Shading Mode"},"sceneLighting":true,"audioPlay":false,"sceneViewState":{"showFog":true,"showMaterialUpdate":false,"showSkybox":true,"showFlares":true,"showImageEffects":true,"showParticleSystems":true},"in2DMode":false,"pivot":{"x":22.22062873840332,"y":-124.42801666259766,"z":205.483154296875},"rotation":{"x":0.2911107838153839,"y":0.026109518483281137,"z":-0.007948232814669609,"w":0.9563000202178955},"size":365.7236328125,"orthographic":false}