{"cameraMode":{"drawMode":0,"name":"Shaded","section":"Shading Mode"},"sceneLighting":true,"audioPlay":false,"sceneViewState":{"showFog":true,"showMaterialUpdate":false,"showSkybox":true,"showFlares":true,"showImageEffects":true,"showParticleSystems":true},"in2DMode":false,"pivot":{"x":135.47096252441407,"y":-6.070396423339844,"z":5.8452911376953129},"rotation":{"x":0.1874598264694214,"y":0.06683285534381867,"z":-0.012787173502147198,"w":0.9799125790596008},"size":169.7139129638672,"orthographic":false}