{"cameraMode":{"drawMode":2,"name":"Shaded Wireframe","section":"Shading Mode"},"sceneLighting":true,"audioPlay":false,"sceneViewState":{"showFog":true,"showMaterialUpdate":false,"showSkybox":true,"showFlares":true,"showImageEffects":true,"showParticleSystems":true},"in2DMode":false,"pivot":{"x":-0.08703851699829102,"y":-3.9068126678466799,"z":13.175331115722657},"rotation":{"x":0.11518847942352295,"y":-0.030991200357675554,"z":0.0035953926853835584,"w":0.992853581905365},"size":51.52619552612305,"orthographic":false}