{"cameraMode":{"drawMode":0,"name":"Shaded","section":"Shading Mode"},"sceneLighting":true,"audioPlay":false,"sceneViewState":{"showFog":true,"showMaterialUpdate":false,"showSkybox":true,"showFlares":true,"showImageEffects":true,"showParticleSystems":true},"in2DMode":false,"pivot":{"x":-38.88276290893555,"y":131.71676635742188,"z":-3.4541401863098146},"rotation":{"x":0.19537079334259034,"y":0.6761992573738098,"z":-0.1932714283466339,"w":0.6835430264472961},"size":2.363102674484253,"orthographic":false}